id;content;created_at;read_at;type;entity_id
1;après que près;2025-03-30T14:33:30;2025-03-30T05:29:01;PROJECT_COMMENT;cocorico
2;camarade rédaction;2025-03-30T18:00:20;2025-03-30T02:20:51;PROJECT_COMMENT;diététiste énergique orange
3;ha ha à la merci;2025-03-30T20:33:16;2025-03-30T19:09:23;TEAM_JOINED;au lieu de aussitôt dessus
4;triste;2025-03-30T01:33:44;2025-03-30T20:19:44;TEAM_JOINED;jeune enfant d'entre population du Québec
5;quand du côté de;2025-03-29T23:05:55;2025-03-30T09:38:33;PROJECT_COMMENT;quoique sus
6;si bien que comment présidence;2025-03-29T22:20:09;2025-03-30T02:47:12;TEAM_INVITATION;étant donné que
7;déranger continuer;2025-03-30T17:16:41;2025-03-30T15:08:52;PROJECT_COMMENT;gens aïe
8;terriblement tôt;2025-03-30T16:57:57;2025-03-30T03:57:10;TEAM_JOINED;lâche drelin tant
9;pourvu que;2025-03-30T16:06:48;2025-03-30T13:04:09;PROJECT_COMMENT;également à la faveur de entre-temps
10;secours;2025-03-30T09:44:55;2025-03-30T12:20:24;TEAM_INVITATION;rétablir dorénavant
